test/episode,test/mean_Q,stats_o/std,train/episode,stats_o/mean,stats_g/mean,stats_g/std,test/success_rate,epoch,train/success_rate
14.0,-7.861219,0.07409456,10.0,0.38676468,0.39326468,0.723255,0.4523809523809524,0,0.5499999999999999
28.0,-6.4290547,0.05457926,20.0,0.39059404,0.2370165,0.7160747,0.14285714285714285,1,0.45
42.0,-8.075622,0.045765985,30.0,0.39188743,0.14235209,0.66863173,0.08333333333333333,2,0.33888888888888885
56.0,-8.210488,0.04047328,40.0,0.39253727,0.08173798,0.63551,0.047619047619047616,3,0.2833333333333334
