stats_g/std,test/mean_Q,stats_o/std,test/episode,train/episode,stats_o/mean,stats_g/mean,epoch,test/success_rate,train/success_rate
0.6180453,-8.272127,0.027805978,40.0,50.0,0.39371264,0.0058762482,0,0.325,0.20000000000000004
0.64505416,-8.299514,0.021385612,80.0,100.0,0.3941059,0.05035299,1,0.25000000000000006,0.25833333333333336
0.6505285,-8.311599,0.018534284,120.0,150.0,0.3942372,0.061510667,2,0.35833333333333334,0.2644444444444444
0.65873396,-8.324657,0.016839856,160.0,200.0,0.39430293,0.07734559,3,0.30416666666666664,0.2866666666666667
0.6632169,-8.286593,0.015684022,200.0,250.0,0.39434233,0.08007439,4,0.3625,0.32
